C:\Users\pasqu\Desktop\ProgettiMacchinaVirtuale\AbrahamBrookes_flingyBall\Assets\BalloonPierceForce.cs; 0
C:\Users\pasqu\Desktop\ProgettiMacchinaVirtuale\AbrahamBrookes_flingyBall\Assets\endOfRoundScreen.cs; 0
C:\Users\pasqu\Desktop\ProgettiMacchinaVirtuale\AbrahamBrookes_flingyBall\Assets\shootyshoot.cs; 0
C:\Users\pasqu\Desktop\ProgettiMacchinaVirtuale\AbrahamBrookes_flingyBall\Assets\wagon.cs; 0
C:\Users\pasqu\Desktop\ProgettiMacchinaVirtuale\AbrahamBrookes_flingyBall\Assets\Editor\CrossPlatformInput\CrossPlatformInputInitialize.cs; 0
C:\Users\pasqu\Desktop\ProgettiMacchinaVirtuale\AbrahamBrookes_flingyBall\Assets\Editor\ImageEffects\AntialiasingEditor.cs; 0
C:\Users\pasqu\Desktop\ProgettiMacchinaVirtuale\AbrahamBrookes_flingyBall\Assets\Editor\ImageEffects\BloomAndFlaresEditor.cs; 0
C:\Users\pasqu\Desktop\ProgettiMacchinaVirtuale\AbrahamBrookes_flingyBall\Assets\Editor\ImageEffects\BloomEditor.cs; 0
C:\Users\pasqu\Desktop\ProgettiMacchinaVirtuale\AbrahamBrookes_flingyBall\Assets\Editor\ImageEffects\CameraMotionBlurEditor.cs; 0
C:\Users\pasqu\Desktop\ProgettiMacchinaVirtuale\AbrahamBrookes_flingyBall\Assets\Editor\ImageEffects\ColorCorrectionCurvesEditor.cs; 0
C:\Users\pasqu\Desktop\ProgettiMacchinaVirtuale\AbrahamBrookes_flingyBall\Assets\Editor\ImageEffects\ColorCorrectionLookupEditor.cs; 0
C:\Users\pasqu\Desktop\ProgettiMacchinaVirtuale\AbrahamBrookes_flingyBall\Assets\Editor\ImageEffects\CreaseShadingEditor.cs; 0
C:\Users\pasqu\Desktop\ProgettiMacchinaVirtuale\AbrahamBrookes_flingyBall\Assets\Editor\ImageEffects\DepthOfFieldDeprecatedEditor.cs; 0
C:\Users\pasqu\Desktop\ProgettiMacchinaVirtuale\AbrahamBrookes_flingyBall\Assets\Editor\ImageEffects\DepthOfFieldEditor.cs; 0
C:\Users\pasqu\Desktop\ProgettiMacchinaVirtuale\AbrahamBrookes_flingyBall\Assets\Editor\ImageEffects\EdgeDetectionEditor.cs; 0
C:\Users\pasqu\Desktop\ProgettiMacchinaVirtuale\AbrahamBrookes_flingyBall\Assets\Editor\ImageEffects\NoiseAndGrainEditor.cs; 0
C:\Users\pasqu\Desktop\ProgettiMacchinaVirtuale\AbrahamBrookes_flingyBall\Assets\Editor\ImageEffects\SunShaftsEditor.cs; 0
C:\Users\pasqu\Desktop\ProgettiMacchinaVirtuale\AbrahamBrookes_flingyBall\Assets\Editor\ImageEffects\TonemappingEditor.cs; 0
C:\Users\pasqu\Desktop\ProgettiMacchinaVirtuale\AbrahamBrookes_flingyBall\Assets\Editor\ImageEffects\VignetteAndChromaticAberrationEditor.cs; 0
C:\Users\pasqu\Desktop\ProgettiMacchinaVirtuale\AbrahamBrookes_flingyBall\Assets\ProCore\Polybrush\Code\Editor\Brush Modes\z_BrushMode.cs; 0
C:\Users\pasqu\Desktop\ProgettiMacchinaVirtuale\AbrahamBrookes_flingyBall\Assets\ProCore\Polybrush\Code\Editor\Brush Modes\z_BrushModeMesh.cs; 0
C:\Users\pasqu\Desktop\ProgettiMacchinaVirtuale\AbrahamBrookes_flingyBall\Assets\ProCore\Polybrush\Code\Editor\Brush Modes\z_BrushModePaint.cs; 2
C:\Users\pasqu\Desktop\ProgettiMacchinaVirtuale\AbrahamBrookes_flingyBall\Assets\ProCore\Polybrush\Code\Editor\Brush Modes\z_BrushModePrefab.cs; 1
C:\Users\pasqu\Desktop\ProgettiMacchinaVirtuale\AbrahamBrookes_flingyBall\Assets\ProCore\Polybrush\Code\Editor\Brush Modes\z_BrushModeRaiseLower.cs; 0
C:\Users\pasqu\Desktop\ProgettiMacchinaVirtuale\AbrahamBrookes_flingyBall\Assets\ProCore\Polybrush\Code\Editor\Brush Modes\z_BrushModeSculpt.cs; 0
C:\Users\pasqu\Desktop\ProgettiMacchinaVirtuale\AbrahamBrookes_flingyBall\Assets\ProCore\Polybrush\Code\Editor\Brush Modes\z_BrushModeSmooth.cs; 0
C:\Users\pasqu\Desktop\ProgettiMacchinaVirtuale\AbrahamBrookes_flingyBall\Assets\ProCore\Polybrush\Code\Editor\Brush Modes\z_BrushModeTexture.cs; 0
C:\Users\pasqu\Desktop\ProgettiMacchinaVirtuale\AbrahamBrookes_flingyBall\Assets\ProCore\Polybrush\Code\Editor\Classes\z_BrushSettings.cs; 0
C:\Users\pasqu\Desktop\ProgettiMacchinaVirtuale\AbrahamBrookes_flingyBall\Assets\ProCore\Polybrush\Code\Editor\Classes\z_BrushTarget.cs; 1
C:\Users\pasqu\Desktop\ProgettiMacchinaVirtuale\AbrahamBrookes_flingyBall\Assets\ProCore\Polybrush\Code\Editor\Classes\z_ColorPalette.cs; 0
C:\Users\pasqu\Desktop\ProgettiMacchinaVirtuale\AbrahamBrookes_flingyBall\Assets\ProCore\Polybrush\Code\Editor\Classes\z_Delegate.cs; 0
C:\Users\pasqu\Desktop\ProgettiMacchinaVirtuale\AbrahamBrookes_flingyBall\Assets\ProCore\Polybrush\Code\Editor\Classes\z_EditableObject.cs; 0
C:\Users\pasqu\Desktop\ProgettiMacchinaVirtuale\AbrahamBrookes_flingyBall\Assets\ProCore\Polybrush\Code\Editor\Classes\z_LocalPref.cs; 0
C:\Users\pasqu\Desktop\ProgettiMacchinaVirtuale\AbrahamBrookes_flingyBall\Assets\ProCore\Polybrush\Code\Editor\Classes\z_PrefabAndSettings.cs; 0
C:\Users\pasqu\Desktop\ProgettiMacchinaVirtuale\AbrahamBrookes_flingyBall\Assets\ProCore\Polybrush\Code\Editor\Classes\z_PrefabPalette.cs; 0
C:\Users\pasqu\Desktop\ProgettiMacchinaVirtuale\AbrahamBrookes_flingyBall\Assets\ProCore\Polybrush\Code\Editor\Classes\z_PreferenceDictionary.cs; 0
C:\Users\pasqu\Desktop\ProgettiMacchinaVirtuale\AbrahamBrookes_flingyBall\Assets\ProCore\Polybrush\Code\Editor\Classes\z_RaycastHit.cs; 0
C:\Users\pasqu\Desktop\ProgettiMacchinaVirtuale\AbrahamBrookes_flingyBall\Assets\ProCore\Polybrush\Code\Editor\Classes\z_ReflectionUtil.cs; 0
C:\Users\pasqu\Desktop\ProgettiMacchinaVirtuale\AbrahamBrookes_flingyBall\Assets\ProCore\Polybrush\Code\Editor\Enum\z_BrushTool.cs; 0
C:\Users\pasqu\Desktop\ProgettiMacchinaVirtuale\AbrahamBrookes_flingyBall\Assets\ProCore\Polybrush\Code\Editor\Interface\z_About.cs; 0
C:\Users\pasqu\Desktop\ProgettiMacchinaVirtuale\AbrahamBrookes_flingyBall\Assets\ProCore\Polybrush\Code\Editor\Interface\z_AdditionalVertexStreamsEditor.cs; 0
C:\Users\pasqu\Desktop\ProgettiMacchinaVirtuale\AbrahamBrookes_flingyBall\Assets\ProCore\Polybrush\Code\Editor\Interface\z_AttributeLayoutContainerEditor.cs; 0
C:\Users\pasqu\Desktop\ProgettiMacchinaVirtuale\AbrahamBrookes_flingyBall\Assets\ProCore\Polybrush\Code\Editor\Interface\z_AttributeLayoutJsonEditor.cs; 1
C:\Users\pasqu\Desktop\ProgettiMacchinaVirtuale\AbrahamBrookes_flingyBall\Assets\ProCore\Polybrush\Code\Editor\Interface\z_BlendMaterialInspector.cs; 0
C:\Users\pasqu\Desktop\ProgettiMacchinaVirtuale\AbrahamBrookes_flingyBall\Assets\ProCore\Polybrush\Code\Editor\Interface\z_BrushSettingsEditor.cs; 0
C:\Users\pasqu\Desktop\ProgettiMacchinaVirtuale\AbrahamBrookes_flingyBall\Assets\ProCore\Polybrush\Code\Editor\Interface\z_ColorPaletteEditor.cs; 0
C:\Users\pasqu\Desktop\ProgettiMacchinaVirtuale\AbrahamBrookes_flingyBall\Assets\ProCore\Polybrush\Code\Editor\Interface\z_Editor.cs; 2
C:\Users\pasqu\Desktop\ProgettiMacchinaVirtuale\AbrahamBrookes_flingyBall\Assets\ProCore\Polybrush\Code\Editor\Interface\z_GlobalSettingsEditor.cs; 0
C:\Users\pasqu\Desktop\ProgettiMacchinaVirtuale\AbrahamBrookes_flingyBall\Assets\ProCore\Polybrush\Code\Editor\Interface\z_MeshFilterEditor.cs; 0
C:\Users\pasqu\Desktop\ProgettiMacchinaVirtuale\AbrahamBrookes_flingyBall\Assets\ProCore\Polybrush\Code\Editor\Interface\z_PrefabPaletteEditor.cs; 0
C:\Users\pasqu\Desktop\ProgettiMacchinaVirtuale\AbrahamBrookes_flingyBall\Assets\ProCore\Polybrush\Code\Editor\Interface\z_PreferenceDictionaryEditor.cs; 0
C:\Users\pasqu\Desktop\ProgettiMacchinaVirtuale\AbrahamBrookes_flingyBall\Assets\ProCore\Polybrush\Code\Editor\Interface\z_SplatWeightEditor.cs; 0
C:\Users\pasqu\Desktop\ProgettiMacchinaVirtuale\AbrahamBrookes_flingyBall\Assets\ProCore\Polybrush\Code\Editor\Interface\z_ZoomOverrideEditor.cs; 0
C:\Users\pasqu\Desktop\ProgettiMacchinaVirtuale\AbrahamBrookes_flingyBall\Assets\ProCore\Polybrush\Code\Editor\Utility\z_AssetPreview.cs; 0
C:\Users\pasqu\Desktop\ProgettiMacchinaVirtuale\AbrahamBrookes_flingyBall\Assets\ProCore\Polybrush\Code\Editor\Utility\z_BakeAdditionalVertexStreams.cs; 0
C:\Users\pasqu\Desktop\ProgettiMacchinaVirtuale\AbrahamBrookes_flingyBall\Assets\ProCore\Polybrush\Code\Editor\Utility\z_Debug.cs; 0
C:\Users\pasqu\Desktop\ProgettiMacchinaVirtuale\AbrahamBrookes_flingyBall\Assets\ProCore\Polybrush\Code\Editor\Utility\z_EditorUtility.cs; 0
C:\Users\pasqu\Desktop\ProgettiMacchinaVirtuale\AbrahamBrookes_flingyBall\Assets\ProCore\Polybrush\Code\Editor\Utility\z_GUI.cs; 0
C:\Users\pasqu\Desktop\ProgettiMacchinaVirtuale\AbrahamBrookes_flingyBall\Assets\ProCore\Polybrush\Code\Editor\Utility\z_GUILayout.cs; 0
C:\Users\pasqu\Desktop\ProgettiMacchinaVirtuale\AbrahamBrookes_flingyBall\Assets\ProCore\Polybrush\Code\Editor\Utility\z_Handles.cs; 0
C:\Users\pasqu\Desktop\ProgettiMacchinaVirtuale\AbrahamBrookes_flingyBall\Assets\ProCore\Polybrush\Code\Editor\Utility\z_IconImporter.cs; 0
C:\Users\pasqu\Desktop\ProgettiMacchinaVirtuale\AbrahamBrookes_flingyBall\Assets\ProCore\Polybrush\Code\Editor\Utility\z_IconUtility.cs; 0
C:\Users\pasqu\Desktop\ProgettiMacchinaVirtuale\AbrahamBrookes_flingyBall\Assets\ProCore\Polybrush\Code\Editor\Utility\z_PostProcessTextureBlend.cs; 0
C:\Users\pasqu\Desktop\ProgettiMacchinaVirtuale\AbrahamBrookes_flingyBall\Assets\ProCore\Polybrush\Code\Editor\Utility\z_Pref.cs; 0
C:\Users\pasqu\Desktop\ProgettiMacchinaVirtuale\AbrahamBrookes_flingyBall\Assets\ProCore\Polybrush\Code\Editor\Utility\z_SceneUtility.cs; 0
C:\Users\pasqu\Desktop\ProgettiMacchinaVirtuale\AbrahamBrookes_flingyBall\Assets\ProCore\Polybrush\Code\Editor\Utility\z_ShaderUtil.cs; 0
C:\Users\pasqu\Desktop\ProgettiMacchinaVirtuale\AbrahamBrookes_flingyBall\Assets\ProCore\Polybrush\Code\Enum\z_BrushMirror.cs; 0
C:\Users\pasqu\Desktop\ProgettiMacchinaVirtuale\AbrahamBrookes_flingyBall\Assets\ProCore\Polybrush\Code\Enum\z_ComponentIndex.cs; 0
C:\Users\pasqu\Desktop\ProgettiMacchinaVirtuale\AbrahamBrookes_flingyBall\Assets\ProCore\Polybrush\Code\Enum\z_Culling.cs; 0
C:\Users\pasqu\Desktop\ProgettiMacchinaVirtuale\AbrahamBrookes_flingyBall\Assets\ProCore\Polybrush\Code\Enum\z_Direction.cs; 0
C:\Users\pasqu\Desktop\ProgettiMacchinaVirtuale\AbrahamBrookes_flingyBall\Assets\ProCore\Polybrush\Code\Enum\z_MeshChannel.cs; 0
C:\Users\pasqu\Desktop\ProgettiMacchinaVirtuale\AbrahamBrookes_flingyBall\Assets\ProCore\Polybrush\Code\Enum\z_MirrorCoordinateSpace.cs; 0
C:\Users\pasqu\Desktop\ProgettiMacchinaVirtuale\AbrahamBrookes_flingyBall\Assets\ProCore\Polybrush\Code\Enum\z_ModelSource.cs; 0
C:\Users\pasqu\Desktop\ProgettiMacchinaVirtuale\AbrahamBrookes_flingyBall\Assets\ProCore\Polybrush\Code\Enum\z_PaintMode.cs; 0
C:\Users\pasqu\Desktop\ProgettiMacchinaVirtuale\AbrahamBrookes_flingyBall\Assets\ProCore\Polybrush\Code\Enum\z_PlacementDirection.cs; 0
C:\Users\pasqu\Desktop\ProgettiMacchinaVirtuale\AbrahamBrookes_flingyBall\Assets\ProCore\Polybrush\Code\Enum\z_SelectionRenderState.cs; 0
C:\Users\pasqu\Desktop\ProgettiMacchinaVirtuale\AbrahamBrookes_flingyBall\Assets\ProCore\Polybrush\Code\Scripts\MonoBehaviour\z_AdditionalVertexStreams.cs; 0
C:\Users\pasqu\Desktop\ProgettiMacchinaVirtuale\AbrahamBrookes_flingyBall\Assets\ProCore\Polybrush\Code\Scripts\MonoBehaviour\z_OverlayRenderer.cs; 0
C:\Users\pasqu\Desktop\ProgettiMacchinaVirtuale\AbrahamBrookes_flingyBall\Assets\ProCore\Polybrush\Code\Scripts\MonoBehaviour\z_ZoomOverride.cs; 0
C:\Users\pasqu\Desktop\ProgettiMacchinaVirtuale\AbrahamBrookes_flingyBall\Assets\ProCore\Polybrush\Code\Scripts\Type\z_AttributeLayout.cs; 0
C:\Users\pasqu\Desktop\ProgettiMacchinaVirtuale\AbrahamBrookes_flingyBall\Assets\ProCore\Polybrush\Code\Scripts\Type\z_ColorMask.cs; 0
C:\Users\pasqu\Desktop\ProgettiMacchinaVirtuale\AbrahamBrookes_flingyBall\Assets\ProCore\Polybrush\Code\Scripts\Type\z_CommonEdge.cs; 0
C:\Users\pasqu\Desktop\ProgettiMacchinaVirtuale\AbrahamBrookes_flingyBall\Assets\ProCore\Polybrush\Code\Scripts\Type\z_Edge.cs; 0
C:\Users\pasqu\Desktop\ProgettiMacchinaVirtuale\AbrahamBrookes_flingyBall\Assets\ProCore\Polybrush\Code\Scripts\Type\z_GradientSerializer.cs; 0
C:\Users\pasqu\Desktop\ProgettiMacchinaVirtuale\AbrahamBrookes_flingyBall\Assets\ProCore\Polybrush\Code\Scripts\Type\z_IHasDefault.cs; 0
C:\Users\pasqu\Desktop\ProgettiMacchinaVirtuale\AbrahamBrookes_flingyBall\Assets\ProCore\Polybrush\Code\Scripts\Type\z_IValid.cs; 0
C:\Users\pasqu\Desktop\ProgettiMacchinaVirtuale\AbrahamBrookes_flingyBall\Assets\ProCore\Polybrush\Code\Scripts\Type\z_Mesh.cs; 0
C:\Users\pasqu\Desktop\ProgettiMacchinaVirtuale\AbrahamBrookes_flingyBall\Assets\ProCore\Polybrush\Code\Scripts\Type\z_RndVec3.cs; 0
C:\Users\pasqu\Desktop\ProgettiMacchinaVirtuale\AbrahamBrookes_flingyBall\Assets\ProCore\Polybrush\Code\Scripts\Type\z_SplatSet.cs; 0
C:\Users\pasqu\Desktop\ProgettiMacchinaVirtuale\AbrahamBrookes_flingyBall\Assets\ProCore\Polybrush\Code\Scripts\Type\z_SplatWeight.cs; 0
C:\Users\pasqu\Desktop\ProgettiMacchinaVirtuale\AbrahamBrookes_flingyBall\Assets\ProCore\Polybrush\Code\Scripts\Utility\z_Math.cs; 0
C:\Users\pasqu\Desktop\ProgettiMacchinaVirtuale\AbrahamBrookes_flingyBall\Assets\ProCore\Polybrush\Code\Scripts\Utility\z_MeshUtility.cs; 0
C:\Users\pasqu\Desktop\ProgettiMacchinaVirtuale\AbrahamBrookes_flingyBall\Assets\ProCore\Polybrush\Code\Scripts\Utility\z_Util.cs; 0
C:\Users\pasqu\Desktop\ProgettiMacchinaVirtuale\AbrahamBrookes_flingyBall\Assets\ProCore\Polybrush\Code\Scripts\Utility\z_Vector.cs; 0
C:\Users\pasqu\Desktop\ProgettiMacchinaVirtuale\AbrahamBrookes_flingyBall\Assets\scripts\asplosion.cs; 0
C:\Users\pasqu\Desktop\ProgettiMacchinaVirtuale\AbrahamBrookes_flingyBall\Assets\scripts\btn_backToMenu.cs; 0
C:\Users\pasqu\Desktop\ProgettiMacchinaVirtuale\AbrahamBrookes_flingyBall\Assets\scripts\btn_changeWpn.cs; 0
C:\Users\pasqu\Desktop\ProgettiMacchinaVirtuale\AbrahamBrookes_flingyBall\Assets\scripts\btn_how.cs; 0
C:\Users\pasqu\Desktop\ProgettiMacchinaVirtuale\AbrahamBrookes_flingyBall\Assets\scripts\btn_play.cs; 0
C:\Users\pasqu\Desktop\ProgettiMacchinaVirtuale\AbrahamBrookes_flingyBall\Assets\scripts\btn_quit.cs; 0
C:\Users\pasqu\Desktop\ProgettiMacchinaVirtuale\AbrahamBrookes_flingyBall\Assets\scripts\btn_replay.cs; 0
C:\Users\pasqu\Desktop\ProgettiMacchinaVirtuale\AbrahamBrookes_flingyBall\Assets\scripts\btn_togglePause.cs; 0
C:\Users\pasqu\Desktop\ProgettiMacchinaVirtuale\AbrahamBrookes_flingyBall\Assets\scripts\Cannonball.cs; 0
C:\Users\pasqu\Desktop\ProgettiMacchinaVirtuale\AbrahamBrookes_flingyBall\Assets\scripts\EnemyNode.cs; 0
C:\Users\pasqu\Desktop\ProgettiMacchinaVirtuale\AbrahamBrookes_flingyBall\Assets\scripts\Floatable.cs; 0
C:\Users\pasqu\Desktop\ProgettiMacchinaVirtuale\AbrahamBrookes_flingyBall\Assets\scripts\FloatyEnemy.cs; 0
C:\Users\pasqu\Desktop\ProgettiMacchinaVirtuale\AbrahamBrookes_flingyBall\Assets\scripts\floatyShip.cs; 0
C:\Users\pasqu\Desktop\ProgettiMacchinaVirtuale\AbrahamBrookes_flingyBall\Assets\scripts\GameMode.cs; 0
C:\Users\pasqu\Desktop\ProgettiMacchinaVirtuale\AbrahamBrookes_flingyBall\Assets\scripts\GameUIItem.cs; 0
C:\Users\pasqu\Desktop\ProgettiMacchinaVirtuale\AbrahamBrookes_flingyBall\Assets\scripts\HandleLeaderboard.cs; 0
C:\Users\pasqu\Desktop\ProgettiMacchinaVirtuale\AbrahamBrookes_flingyBall\Assets\scripts\HeartPickup.cs; 0
C:\Users\pasqu\Desktop\ProgettiMacchinaVirtuale\AbrahamBrookes_flingyBall\Assets\scripts\i_Attackable.cs; 0
C:\Users\pasqu\Desktop\ProgettiMacchinaVirtuale\AbrahamBrookes_flingyBall\Assets\scripts\i_Notifiable.cs; 0
C:\Users\pasqu\Desktop\ProgettiMacchinaVirtuale\AbrahamBrookes_flingyBall\Assets\scripts\leaderboard_no_btn.cs; 0
C:\Users\pasqu\Desktop\ProgettiMacchinaVirtuale\AbrahamBrookes_flingyBall\Assets\scripts\leaderboard_yes_btn.cs; 0
C:\Users\pasqu\Desktop\ProgettiMacchinaVirtuale\AbrahamBrookes_flingyBall\Assets\scripts\mainCamera.cs; 0
C:\Users\pasqu\Desktop\ProgettiMacchinaVirtuale\AbrahamBrookes_flingyBall\Assets\scripts\MainGameMode.cs; 0
C:\Users\pasqu\Desktop\ProgettiMacchinaVirtuale\AbrahamBrookes_flingyBall\Assets\scripts\ObjectPool.cs; 0
C:\Users\pasqu\Desktop\ProgettiMacchinaVirtuale\AbrahamBrookes_flingyBall\Assets\scripts\Pachamama.cs; 0
C:\Users\pasqu\Desktop\ProgettiMacchinaVirtuale\AbrahamBrookes_flingyBall\Assets\scripts\PoolableGameObject.cs; 0
C:\Users\pasqu\Desktop\ProgettiMacchinaVirtuale\AbrahamBrookes_flingyBall\Assets\scripts\Projectile.cs; 0
C:\Users\pasqu\Desktop\ProgettiMacchinaVirtuale\AbrahamBrookes_flingyBall\Assets\scripts\suctionPopProjectile.cs; 0
C:\Users\pasqu\Desktop\ProgettiMacchinaVirtuale\AbrahamBrookes_flingyBall\Assets\scripts\testWWW.cs; 0
C:\Users\pasqu\Desktop\ProgettiMacchinaVirtuale\AbrahamBrookes_flingyBall\Assets\scripts\theTower.cs; 0
C:\Users\pasqu\Desktop\ProgettiMacchinaVirtuale\AbrahamBrookes_flingyBall\Assets\scripts\TutorialAnimations.cs; 0
C:\Users\pasqu\Desktop\ProgettiMacchinaVirtuale\AbrahamBrookes_flingyBall\Assets\scripts\TutorialGameMode.cs; 0
C:\Users\pasqu\Desktop\ProgettiMacchinaVirtuale\AbrahamBrookes_flingyBall\Assets\scripts\vanillaProjectile.cs; 0
C:\Users\pasqu\Desktop\ProgettiMacchinaVirtuale\AbrahamBrookes_flingyBall\Assets\scripts\WagonWaypoint.cs; 0
C:\Users\pasqu\Desktop\ProgettiMacchinaVirtuale\AbrahamBrookes_flingyBall\Assets\Standard Assets\Cameras\Scripts\AbstractTargetFollower.cs; 0
C:\Users\pasqu\Desktop\ProgettiMacchinaVirtuale\AbrahamBrookes_flingyBall\Assets\Standard Assets\Cameras\Scripts\AutoCam.cs; 0
C:\Users\pasqu\Desktop\ProgettiMacchinaVirtuale\AbrahamBrookes_flingyBall\Assets\Standard Assets\Cameras\Scripts\FreeLookCam.cs; 0
C:\Users\pasqu\Desktop\ProgettiMacchinaVirtuale\AbrahamBrookes_flingyBall\Assets\Standard Assets\Cameras\Scripts\HandHeldCam.cs; 0
C:\Users\pasqu\Desktop\ProgettiMacchinaVirtuale\AbrahamBrookes_flingyBall\Assets\Standard Assets\Cameras\Scripts\LookatTarget.cs; 0
C:\Users\pasqu\Desktop\ProgettiMacchinaVirtuale\AbrahamBrookes_flingyBall\Assets\Standard Assets\Cameras\Scripts\PivotBasedCameraRig.cs; 0
C:\Users\pasqu\Desktop\ProgettiMacchinaVirtuale\AbrahamBrookes_flingyBall\Assets\Standard Assets\Cameras\Scripts\ProtectCameraFromWallClip.cs; 0
C:\Users\pasqu\Desktop\ProgettiMacchinaVirtuale\AbrahamBrookes_flingyBall\Assets\Standard Assets\Cameras\Scripts\TargetFieldOfView.cs; 0
C:\Users\pasqu\Desktop\ProgettiMacchinaVirtuale\AbrahamBrookes_flingyBall\Assets\Standard Assets\CrossPlatformInput\Scripts\AxisTouchButton.cs; 0
C:\Users\pasqu\Desktop\ProgettiMacchinaVirtuale\AbrahamBrookes_flingyBall\Assets\Standard Assets\CrossPlatformInput\Scripts\ButtonHandler.cs; 0
C:\Users\pasqu\Desktop\ProgettiMacchinaVirtuale\AbrahamBrookes_flingyBall\Assets\Standard Assets\CrossPlatformInput\Scripts\CameraSwitch.cs; 0
C:\Users\pasqu\Desktop\ProgettiMacchinaVirtuale\AbrahamBrookes_flingyBall\Assets\Standard Assets\CrossPlatformInput\Scripts\CrossPlatformInputManager.cs; 0
C:\Users\pasqu\Desktop\ProgettiMacchinaVirtuale\AbrahamBrookes_flingyBall\Assets\Standard Assets\CrossPlatformInput\Scripts\InputAxisScrollbar.cs; 0
C:\Users\pasqu\Desktop\ProgettiMacchinaVirtuale\AbrahamBrookes_flingyBall\Assets\Standard Assets\CrossPlatformInput\Scripts\Joystick.cs; 0
C:\Users\pasqu\Desktop\ProgettiMacchinaVirtuale\AbrahamBrookes_flingyBall\Assets\Standard Assets\CrossPlatformInput\Scripts\LevelReset.cs; 0
C:\Users\pasqu\Desktop\ProgettiMacchinaVirtuale\AbrahamBrookes_flingyBall\Assets\Standard Assets\CrossPlatformInput\Scripts\MobileControlRig.cs; 0
C:\Users\pasqu\Desktop\ProgettiMacchinaVirtuale\AbrahamBrookes_flingyBall\Assets\Standard Assets\CrossPlatformInput\Scripts\TiltInput.cs; 0
C:\Users\pasqu\Desktop\ProgettiMacchinaVirtuale\AbrahamBrookes_flingyBall\Assets\Standard Assets\CrossPlatformInput\Scripts\TouchPad.cs; 0
C:\Users\pasqu\Desktop\ProgettiMacchinaVirtuale\AbrahamBrookes_flingyBall\Assets\Standard Assets\CrossPlatformInput\Scripts\VirtualInput.cs; 0
C:\Users\pasqu\Desktop\ProgettiMacchinaVirtuale\AbrahamBrookes_flingyBall\Assets\Standard Assets\CrossPlatformInput\Scripts\Editor\InputAxisScrollbarCI.cs; 0
C:\Users\pasqu\Desktop\ProgettiMacchinaVirtuale\AbrahamBrookes_flingyBall\Assets\Standard Assets\CrossPlatformInput\Scripts\PlatformSpecific\MobileInput.cs; 0
C:\Users\pasqu\Desktop\ProgettiMacchinaVirtuale\AbrahamBrookes_flingyBall\Assets\Standard Assets\CrossPlatformInput\Scripts\PlatformSpecific\StandaloneInput.cs; 0
C:\Users\pasqu\Desktop\ProgettiMacchinaVirtuale\AbrahamBrookes_flingyBall\Assets\Standard Assets\Effects\ImageEffects\Scripts\Antialiasing.cs; 0
C:\Users\pasqu\Desktop\ProgettiMacchinaVirtuale\AbrahamBrookes_flingyBall\Assets\Standard Assets\Effects\ImageEffects\Scripts\Bloom.cs; 0
C:\Users\pasqu\Desktop\ProgettiMacchinaVirtuale\AbrahamBrookes_flingyBall\Assets\Standard Assets\Effects\ImageEffects\Scripts\BloomAndFlares.cs; 0
C:\Users\pasqu\Desktop\ProgettiMacchinaVirtuale\AbrahamBrookes_flingyBall\Assets\Standard Assets\Effects\ImageEffects\Scripts\BloomOptimized.cs; 0
C:\Users\pasqu\Desktop\ProgettiMacchinaVirtuale\AbrahamBrookes_flingyBall\Assets\Standard Assets\Effects\ImageEffects\Scripts\Blur.cs; 0
C:\Users\pasqu\Desktop\ProgettiMacchinaVirtuale\AbrahamBrookes_flingyBall\Assets\Standard Assets\Effects\ImageEffects\Scripts\BlurOptimized.cs; 0
C:\Users\pasqu\Desktop\ProgettiMacchinaVirtuale\AbrahamBrookes_flingyBall\Assets\Standard Assets\Effects\ImageEffects\Scripts\CameraMotionBlur.cs; 0
C:\Users\pasqu\Desktop\ProgettiMacchinaVirtuale\AbrahamBrookes_flingyBall\Assets\Standard Assets\Effects\ImageEffects\Scripts\ColorCorrectionCurves.cs; 0
C:\Users\pasqu\Desktop\ProgettiMacchinaVirtuale\AbrahamBrookes_flingyBall\Assets\Standard Assets\Effects\ImageEffects\Scripts\ColorCorrectionLookup.cs; 0
C:\Users\pasqu\Desktop\ProgettiMacchinaVirtuale\AbrahamBrookes_flingyBall\Assets\Standard Assets\Effects\ImageEffects\Scripts\ColorCorrectionRamp.cs; 0
C:\Users\pasqu\Desktop\ProgettiMacchinaVirtuale\AbrahamBrookes_flingyBall\Assets\Standard Assets\Effects\ImageEffects\Scripts\ContrastEnhance.cs; 0
C:\Users\pasqu\Desktop\ProgettiMacchinaVirtuale\AbrahamBrookes_flingyBall\Assets\Standard Assets\Effects\ImageEffects\Scripts\ContrastStretch.cs; 0
C:\Users\pasqu\Desktop\ProgettiMacchinaVirtuale\AbrahamBrookes_flingyBall\Assets\Standard Assets\Effects\ImageEffects\Scripts\CreaseShading.cs; 0
C:\Users\pasqu\Desktop\ProgettiMacchinaVirtuale\AbrahamBrookes_flingyBall\Assets\Standard Assets\Effects\ImageEffects\Scripts\DepthOfField.cs; 0
C:\Users\pasqu\Desktop\ProgettiMacchinaVirtuale\AbrahamBrookes_flingyBall\Assets\Standard Assets\Effects\ImageEffects\Scripts\DepthOfFieldDeprecated.cs; 0
C:\Users\pasqu\Desktop\ProgettiMacchinaVirtuale\AbrahamBrookes_flingyBall\Assets\Standard Assets\Effects\ImageEffects\Scripts\EdgeDetection.cs; 0
C:\Users\pasqu\Desktop\ProgettiMacchinaVirtuale\AbrahamBrookes_flingyBall\Assets\Standard Assets\Effects\ImageEffects\Scripts\Fisheye.cs; 0
C:\Users\pasqu\Desktop\ProgettiMacchinaVirtuale\AbrahamBrookes_flingyBall\Assets\Standard Assets\Effects\ImageEffects\Scripts\GlobalFog.cs; 0
C:\Users\pasqu\Desktop\ProgettiMacchinaVirtuale\AbrahamBrookes_flingyBall\Assets\Standard Assets\Effects\ImageEffects\Scripts\Grayscale.cs; 0
C:\Users\pasqu\Desktop\ProgettiMacchinaVirtuale\AbrahamBrookes_flingyBall\Assets\Standard Assets\Effects\ImageEffects\Scripts\ImageEffectBase.cs; 0
C:\Users\pasqu\Desktop\ProgettiMacchinaVirtuale\AbrahamBrookes_flingyBall\Assets\Standard Assets\Effects\ImageEffects\Scripts\ImageEffects.cs; 0
C:\Users\pasqu\Desktop\ProgettiMacchinaVirtuale\AbrahamBrookes_flingyBall\Assets\Standard Assets\Effects\ImageEffects\Scripts\MotionBlur.cs; 0
C:\Users\pasqu\Desktop\ProgettiMacchinaVirtuale\AbrahamBrookes_flingyBall\Assets\Standard Assets\Effects\ImageEffects\Scripts\NoiseAndGrain.cs; 0
C:\Users\pasqu\Desktop\ProgettiMacchinaVirtuale\AbrahamBrookes_flingyBall\Assets\Standard Assets\Effects\ImageEffects\Scripts\NoiseAndScratches.cs; 0
C:\Users\pasqu\Desktop\ProgettiMacchinaVirtuale\AbrahamBrookes_flingyBall\Assets\Standard Assets\Effects\ImageEffects\Scripts\PostEffectsBase.cs; 0
C:\Users\pasqu\Desktop\ProgettiMacchinaVirtuale\AbrahamBrookes_flingyBall\Assets\Standard Assets\Effects\ImageEffects\Scripts\PostEffectsHelper.cs; 0
C:\Users\pasqu\Desktop\ProgettiMacchinaVirtuale\AbrahamBrookes_flingyBall\Assets\Standard Assets\Effects\ImageEffects\Scripts\Quads.cs; 0
C:\Users\pasqu\Desktop\ProgettiMacchinaVirtuale\AbrahamBrookes_flingyBall\Assets\Standard Assets\Effects\ImageEffects\Scripts\ScreenOverlay.cs; 0
C:\Users\pasqu\Desktop\ProgettiMacchinaVirtuale\AbrahamBrookes_flingyBall\Assets\Standard Assets\Effects\ImageEffects\Scripts\ScreenSpaceAmbientObscurance.cs; 0
C:\Users\pasqu\Desktop\ProgettiMacchinaVirtuale\AbrahamBrookes_flingyBall\Assets\Standard Assets\Effects\ImageEffects\Scripts\ScreenSpaceAmbientOcclusion.cs; 0
C:\Users\pasqu\Desktop\ProgettiMacchinaVirtuale\AbrahamBrookes_flingyBall\Assets\Standard Assets\Effects\ImageEffects\Scripts\SepiaTone.cs; 0
C:\Users\pasqu\Desktop\ProgettiMacchinaVirtuale\AbrahamBrookes_flingyBall\Assets\Standard Assets\Effects\ImageEffects\Scripts\SunShafts.cs; 0
C:\Users\pasqu\Desktop\ProgettiMacchinaVirtuale\AbrahamBrookes_flingyBall\Assets\Standard Assets\Effects\ImageEffects\Scripts\TiltShift.cs; 0
C:\Users\pasqu\Desktop\ProgettiMacchinaVirtuale\AbrahamBrookes_flingyBall\Assets\Standard Assets\Effects\ImageEffects\Scripts\Tonemapping.cs; 0
C:\Users\pasqu\Desktop\ProgettiMacchinaVirtuale\AbrahamBrookes_flingyBall\Assets\Standard Assets\Effects\ImageEffects\Scripts\Triangles.cs; 0
C:\Users\pasqu\Desktop\ProgettiMacchinaVirtuale\AbrahamBrookes_flingyBall\Assets\Standard Assets\Effects\ImageEffects\Scripts\Twirl.cs; 0
C:\Users\pasqu\Desktop\ProgettiMacchinaVirtuale\AbrahamBrookes_flingyBall\Assets\Standard Assets\Effects\ImageEffects\Scripts\VignetteAndChromaticAberration.cs; 0
C:\Users\pasqu\Desktop\ProgettiMacchinaVirtuale\AbrahamBrookes_flingyBall\Assets\Standard Assets\Effects\ImageEffects\Scripts\Vortex.cs; 0
C:\Users\pasqu\Desktop\ProgettiMacchinaVirtuale\AbrahamBrookes_flingyBall\Assets\Standard Assets\Environment\Water\Water\Scripts\Displace.cs; 0
C:\Users\pasqu\Desktop\ProgettiMacchinaVirtuale\AbrahamBrookes_flingyBall\Assets\Standard Assets\Environment\Water\Water\Scripts\GerstnerDisplace.cs; 0
C:\Users\pasqu\Desktop\ProgettiMacchinaVirtuale\AbrahamBrookes_flingyBall\Assets\Standard Assets\Environment\Water\Water\Scripts\MeshContainer.cs; 0
C:\Users\pasqu\Desktop\ProgettiMacchinaVirtuale\AbrahamBrookes_flingyBall\Assets\Standard Assets\Environment\Water\Water\Scripts\PlanarReflection.cs; 0
C:\Users\pasqu\Desktop\ProgettiMacchinaVirtuale\AbrahamBrookes_flingyBall\Assets\Standard Assets\Environment\Water\Water\Scripts\SpecularLighting.cs; 0
C:\Users\pasqu\Desktop\ProgettiMacchinaVirtuale\AbrahamBrookes_flingyBall\Assets\Standard Assets\Environment\Water\Water\Scripts\Water.cs; 0
C:\Users\pasqu\Desktop\ProgettiMacchinaVirtuale\AbrahamBrookes_flingyBall\Assets\Standard Assets\Environment\Water\Water\Scripts\WaterBase.cs; 0
C:\Users\pasqu\Desktop\ProgettiMacchinaVirtuale\AbrahamBrookes_flingyBall\Assets\Standard Assets\Environment\Water\Water\Scripts\WaterTile.cs; 0
C:\Users\pasqu\Desktop\ProgettiMacchinaVirtuale\AbrahamBrookes_flingyBall\Assets\Standard Assets\Environment\Water (Basic)\Scripts\WaterBasic.cs; 0
C:\Users\pasqu\Desktop\ProgettiMacchinaVirtuale\AbrahamBrookes_flingyBall\Assets\Standard Assets\ParticleSystems\Scripts\AfterburnerPhysicsForce.cs; 0
C:\Users\pasqu\Desktop\ProgettiMacchinaVirtuale\AbrahamBrookes_flingyBall\Assets\Standard Assets\ParticleSystems\Scripts\ExplosionFireAndDebris.cs; 0
C:\Users\pasqu\Desktop\ProgettiMacchinaVirtuale\AbrahamBrookes_flingyBall\Assets\Standard Assets\ParticleSystems\Scripts\ExplosionPhysicsForce.cs; 0
C:\Users\pasqu\Desktop\ProgettiMacchinaVirtuale\AbrahamBrookes_flingyBall\Assets\Standard Assets\ParticleSystems\Scripts\Explosive.cs; 0
C:\Users\pasqu\Desktop\ProgettiMacchinaVirtuale\AbrahamBrookes_flingyBall\Assets\Standard Assets\ParticleSystems\Scripts\ExtinguishableParticleSystem.cs; 0
C:\Users\pasqu\Desktop\ProgettiMacchinaVirtuale\AbrahamBrookes_flingyBall\Assets\Standard Assets\ParticleSystems\Scripts\FireLight.cs; 0
C:\Users\pasqu\Desktop\ProgettiMacchinaVirtuale\AbrahamBrookes_flingyBall\Assets\Standard Assets\ParticleSystems\Scripts\Hose.cs; 0
C:\Users\pasqu\Desktop\ProgettiMacchinaVirtuale\AbrahamBrookes_flingyBall\Assets\Standard Assets\ParticleSystems\Scripts\ParticleSystemMultiplier.cs; 0
C:\Users\pasqu\Desktop\ProgettiMacchinaVirtuale\AbrahamBrookes_flingyBall\Assets\Standard Assets\ParticleSystems\Scripts\SmokeParticles.cs; 0
C:\Users\pasqu\Desktop\ProgettiMacchinaVirtuale\AbrahamBrookes_flingyBall\Assets\Standard Assets\ParticleSystems\Scripts\WaterHoseParticles.cs; 0
C:\Users\pasqu\Desktop\ProgettiMacchinaVirtuale\AbrahamBrookes_flingyBall\Assets\Standard Assets\Utility\ActivateTrigger.cs; 0
C:\Users\pasqu\Desktop\ProgettiMacchinaVirtuale\AbrahamBrookes_flingyBall\Assets\Standard Assets\Utility\AutoMobileShaderSwitch.cs; 0
C:\Users\pasqu\Desktop\ProgettiMacchinaVirtuale\AbrahamBrookes_flingyBall\Assets\Standard Assets\Utility\AutoMoveAndRotate.cs; 0
C:\Users\pasqu\Desktop\ProgettiMacchinaVirtuale\AbrahamBrookes_flingyBall\Assets\Standard Assets\Utility\CameraRefocus.cs; 0
C:\Users\pasqu\Desktop\ProgettiMacchinaVirtuale\AbrahamBrookes_flingyBall\Assets\Standard Assets\Utility\CurveControlledBob.cs; 0
C:\Users\pasqu\Desktop\ProgettiMacchinaVirtuale\AbrahamBrookes_flingyBall\Assets\Standard Assets\Utility\DragRigidbody.cs; 0
C:\Users\pasqu\Desktop\ProgettiMacchinaVirtuale\AbrahamBrookes_flingyBall\Assets\Standard Assets\Utility\DynamicShadowSettings.cs; 0
C:\Users\pasqu\Desktop\ProgettiMacchinaVirtuale\AbrahamBrookes_flingyBall\Assets\Standard Assets\Utility\EventSystemChecker.cs; 0
C:\Users\pasqu\Desktop\ProgettiMacchinaVirtuale\AbrahamBrookes_flingyBall\Assets\Standard Assets\Utility\FollowTarget.cs; 0
C:\Users\pasqu\Desktop\ProgettiMacchinaVirtuale\AbrahamBrookes_flingyBall\Assets\Standard Assets\Utility\ForcedReset.cs; 0
C:\Users\pasqu\Desktop\ProgettiMacchinaVirtuale\AbrahamBrookes_flingyBall\Assets\Standard Assets\Utility\FOVKick.cs; 0
C:\Users\pasqu\Desktop\ProgettiMacchinaVirtuale\AbrahamBrookes_flingyBall\Assets\Standard Assets\Utility\FPSCounter.cs; 0
C:\Users\pasqu\Desktop\ProgettiMacchinaVirtuale\AbrahamBrookes_flingyBall\Assets\Standard Assets\Utility\LerpControlledBob.cs; 0
C:\Users\pasqu\Desktop\ProgettiMacchinaVirtuale\AbrahamBrookes_flingyBall\Assets\Standard Assets\Utility\ObjectResetter.cs; 0
C:\Users\pasqu\Desktop\ProgettiMacchinaVirtuale\AbrahamBrookes_flingyBall\Assets\Standard Assets\Utility\ParticleSystemDestroyer.cs; 0
C:\Users\pasqu\Desktop\ProgettiMacchinaVirtuale\AbrahamBrookes_flingyBall\Assets\Standard Assets\Utility\PlatformSpecificContent.cs; 0
C:\Users\pasqu\Desktop\ProgettiMacchinaVirtuale\AbrahamBrookes_flingyBall\Assets\Standard Assets\Utility\SimpleActivatorMenu.cs; 0
C:\Users\pasqu\Desktop\ProgettiMacchinaVirtuale\AbrahamBrookes_flingyBall\Assets\Standard Assets\Utility\SimpleMouseRotator.cs; 0
C:\Users\pasqu\Desktop\ProgettiMacchinaVirtuale\AbrahamBrookes_flingyBall\Assets\Standard Assets\Utility\SmoothFollow.cs; 0
C:\Users\pasqu\Desktop\ProgettiMacchinaVirtuale\AbrahamBrookes_flingyBall\Assets\Standard Assets\Utility\TimedObjectActivator.cs; 0
C:\Users\pasqu\Desktop\ProgettiMacchinaVirtuale\AbrahamBrookes_flingyBall\Assets\Standard Assets\Utility\TimedObjectDestructor.cs; 0
C:\Users\pasqu\Desktop\ProgettiMacchinaVirtuale\AbrahamBrookes_flingyBall\Assets\Standard Assets\Utility\WaypointCircuit.cs; 0
C:\Users\pasqu\Desktop\ProgettiMacchinaVirtuale\AbrahamBrookes_flingyBall\Assets\Standard Assets\Utility\WaypointProgressTracker.cs; 1
