;project name;commits
0;https://www.github.com/colinbellino/unity-tactical-rpg-battle-system;100
1;https://www.github.com/armour/multiplayer-fps;101
2;https://www.github.com/richardgschmidt/groundgrowing;105
3;https://www.github.com/dreaming381/lsss-wip;116
4;https://www.github.com/moedevs/peco;117
5;https://www.github.com/cytoid/cytoid;117
6;https://www.github.com/mister91jiao/bundlemaster_integrateettask;127
7;https://www.github.com/james-frowen/networkpositionsync;130
8;https://www.github.com/juniordiscart/impossibleodds-toolkit;132
9;https://www.github.com/willychang21/mapboxargame;133
10;https://www.github.com/minapecheux/unitytutorials-rts;133
11;https://www.github.com/justin-sky/nice-lua;138
12;https://www.github.com/digitallogicsimcommunity/digital-logic-sim-ce;138
13;https://www.github.com/radiatoryang/merino;141
14;https://www.github.com/fbast/reflexityai;149
15;https://www.github.com/rtsbtx/fanren;153
16;https://www.github.com/sschmid/match-one;156
17;https://www.github.com/elringus/spritedicing;161
18;https://www.github.com/marcelochaves95/proceduralterrain;162
19;https://www.github.com/marcelochaves95/meshgenerator;162
20;https://www.github.com/marcelochaves95/polygon;162
21;https://www.github.com/gustavopsantos/reflex;168
22;https://www.github.com/virejdasani/cuboidaldrift;170
23;https://www.github.com/nicholas-maltbie/openkcc;172
24;https://www.github.com/battleofmages/battleofmages;178
25;https://www.github.com/m969/egameplay;178
26;https://www.github.com/404lcc/lcc;192
27;https://www.github.com/intns/project-404;199
28;https://www.github.com/ertanturan/unity-flightphysics;200
29;https://www.github.com/dteruel/toolnity;209
30;https://www.github.com/dreamersincstudios/ecs-iaus-sytstem;226
31;https://www.github.com/hertzole/gold-player;229
32;https://www.github.com/drflower/towerdefense-gameframework-demo;239
33;https://www.github.com/skyteks/warkingdoms;241
34;https://www.github.com/reinisch/darkest-dungeon-unity;252
35;https://www.github.com/imengyu/ballance;256
36;https://www.github.com/jasonstein/pal3.unity;270
37;https://www.github.com/dejaime/thats-ridiculous;291
38;https://www.github.com/lolo1208/unity3d-lolo;299
39;https://www.github.com/videojogoslusofona/snappable-meshes-pcg;301
40;https://www.github.com/qhdwight/voxelfield;341
41;https://www.github.com/alextangxiao/tengine;359
42;https://www.github.com/jonisavo/uicomponents;362
43;https://www.github.com/ipodtouch0218/nsmb-mariovsluigi;360
44;https://www.github.com/getstream/stream-chat-unity;368
45;https://www.github.com/reeseschultz/reeseunitydemos;371
46;https://www.github.com/setchi/fancyscrollview;376
47;https://www.github.com/re-ss3d/ss3d;395
48;https://www.github.com/christides11/hack-and-slash-framework;410
49;https://www.github.com/openhogwarts/hogwarts;413
50;https://www.github.com/softwareguy/ignorance;431
51;https://www.github.com/chenwansal/jackframe;466
52;https://www.github.com/tigrouind/aitd-roomviewer;551
53;https://www.github.com/amatsugu/phos;580
54;https://www.github.com/lunatic-works/nova;662
55;https://www.github.com/donnyep/cosmosframework;740
56;https://www.github.com/unity-technologies/com.unity.multiplayer.samples.coop;1115
57;https://www.github.com/michaelday008/anyrpgcore;1181
58;https://www.github.com/yimengfan/bdframework.core;1480
59;https://www.github.com/rudderbucky/shellcore;1507
60;https://www.github.com/cammin/ldtktounity;1872
61;https://www.github.com/vgwb/antura;1897
62;https://www.github.com/unity-technologies/inputsystem;1973
63;https://www.github.com/lgsvl/simulator;2067
64;https://www.github.com/gta-asm/sanandreasunity;2071
65;https://www.github.com/jcs090218/jcsunity;2614
66;https://www.github.com/snozbot/fungus;2627
67;https://www.github.com/finol-digital/card-game-simulator;3113
68;https://www.github.com/vis2k/mirror;7047
70;https://www.github.com/miragenet/mirage;8064
